{
  "!type": "Scheduler_jqw",
  "bottom": "auto",
  "cached_js": "",
  "cached_js_script_hash": "d41d8cd98f00b204e9800998ecf8427e",
  "children": [],
  "class": "",
  "dayNameFormat": "shortest",
  "disabled": "false",
  "display": "",
  "editDialogDateTimeFormatString": "MM/dd/yyyy hh:mm",
  "expanded_pmp": null,
  "height": 411,
  "hidden": "",
  "id": "schdlrTeeTimes",
  "left": 3,
  "legendHeight": 34,
  "legendPosition": "bottom",
  "loc": "{\"/\": \".\",  \":\": \":\",firstDay: 1,AM: [\"AM\",\"am\",\"AM\"],PM: [\"PM\",\"pm\",\"PM\"], patterns: {    d: \"M/d/yyyy\",    D: \"dddd, MMMM dd, yyyy\",    t: \"h:mm tt\",    T: \"h:mm:ss tt\",    f: \"dddd, MMMM dd, yyyy h:mm tt\",    F: \"dddd, MMMM dd, yyyy h:mm:ss tt\",    M: \"MMMM dd\",    Y: \"yyyy MMMM\",  ISO: \"yyyy-MM-dd hh:mm:ss\",    ISO2: \"yyyy-MM-dd HH:mm:ss\",    d1: \"dd.MM.yyyy\",    d2: \"dd-MM-yyyy\",    d3: \"dd-MMMM-yyyy\",    d4: \"dd-MM-yy\",    d5: \"H:mm\",    d6: \"HH:mm\",    d7: \"HH:mm tt\",    d8: \"dd/MMMM/yyyy\",    d9: \"MMMM-dd\",    d10: \"MM-dd\",    d11: \"MM-dd-yyyy\"  },  days: { names: [\"Sonntag\", \"Montag\", \"Dienstag\", \"Mittwoch\", \"Donnerstag\", \"Freitag\", \"Samstag\"],   namesAbbr: [\"Sonn\", \"Mon\", \"Dien\", \"Mitt\", \"Donn\", \"Fre\", \"Sams\"],    namesShort: [\"So\", \"Mo\", \"Di\", \"Mi\", \"Do\", \"Fr\", \"Sa\"]  },months: {    names: [\"Januar\", \"Februar\", \"M\u00e4rz\", \"April\", \"Mai\", \"Juni\", \"Juli\", \"August\", \"September\", \"Oktober\", \"November\", \"Dezember\", \"\"],    namesAbbr: [\"Jan\", \"Feb\", \"M\u00e4r\", \"Apr\", \"Mai\", \"Jun\", \"Jul\", \"Aug\", \"Sep\", \"Oct\", \"Nov\", \"Dez\", \"\"] },backString: \"Vorhergehende\",  forwardString: \"N\u00e4chster\",  toolBarPreviousButtonString: \"Vorhergehende\",  toolBarNextButtonString: \"N\u00e4chster\",  emptyDataString: \"Nokeine Daten angezeigt\",  loadString: \"Loading...\",  clearString: \"L\u00f6schen\",  todayString: \"Heute\",  dayViewString: \"Tag\",  weekViewString: \"Woche\",  monthViewString: \"Monat\",  timelineDayViewString: \"Zeitleiste Day\",  timelineWeekViewString: \"Zeitleiste Woche\",  timelineMonthViewString: \"Zeitleiste Monat\",  loadingErrorMessage: \"Die Daten werden noch geladen und Sie k\u00f6nnen eine Eigenschaft nicht festgelegt oder eine Methode aufrufen . Sie k\u00f6nnen tun, dass, sobald die Datenbindung abgeschlossen ist. jqxScheduler wirft die  bindingComplete Ereignis, wenn die Bindung abgeschlossen ist.\",  editRecurringAppointmentDialogTitleString: \"Bearbeiten Sie wiederkehrenden Termin\",  editRecurringAppointmentDialogContentString: \"Wollen Sie nur dieses eine Vorkommen oder die Serie zu bearbeiten ?\",  editRecurringAppointmentDialogOccurrenceString: \"Vorkommen bearbeiten\",  editRecurringAppointmentDialogSeriesString: \"Bearbeiten Die Serie\",  editDialogTitleString: \"Termin bearbeiten\",  editDialogCreateTitleString: \"Erstellen Sie Neuer Termin\",  contextMenuEditAppointmentString: \"Termin bearbeiten\",  contextMenuCreateAppointmentString: \"Erstellen Sie Neuer Termin\",  editDialogSubjectString: \"Betreff\",  editDialogLocationString: \"Ort\",  editDialogFromString: \"Von\",  editDialogToString: \"Bis\",  editDialogAllDayString: \"Ganzt\u00e4giges Ergeignis\",  editDialogExceptionsString: \"Ausnahmen\",  editDialogResetExceptionsString: \"Zur\u00fccksetzen auf Speichern\",  editDialogDescriptionString: \"Beschreibung\",  editDialogResourceIdString: \"Kalender\",  editDialogStatusString: \"Status\",  editDialogColorString: \"Farbe\",  editDialogColorPlaceHolderString: \"Farbe w\u00e4hlen\",  editDialogTimeZoneString: \"Zeitzone\",  editDialogSelectTimeZoneString: \"Zeitzonen\",  editDialogSaveString: \"Speichern\",  editDialogDeleteString: \"L\u00f6schen\",  editDialogCancelString: \"Abbrechen\",  editDialogRepeatString: \"Serientyp\",  editDialogRepeatEveryString: \"Wiederholen alle\",  editDialogRepeatEveryWeekString: \"woche(n)\",  editDialogRepeatEveryYearString: \"Jahr (en)\",  editDialogRepeatEveryDayString: \"Tag (e)\",  editDialogRepeatNeverString: \"Nie\",  editDialogRepeatDailyString: \"T\u00e4glich\",  editDialogRepeatWeeklyString: \"W\u00f6chentlich\",  editDialogRepeatMonthlyString: \"Monatlich\",  editDialogRepeatYearlyString: \"J\u00e4hrlich\",  editDialogRepeatEveryMonthString: \"Monate (n)\",  editDialogRepeatEveryMonthDayString: \"Day\",  editDialogRepeatFirstString: \"erste\",  editDialogRepeatSecondString: \"zweite\",  editDialogRepeatThirdString: \"dritte\",  editDialogRepeatFourthString: \"vierte\",  editDialogRepeatLastString: \"letzte\",  editDialogRepeatEndString: \"Ende\",  editDialogRepeatAfterString: \"Nach\",  editDialogRepeatOnString: \"Am\",  editDialogRepeatOfString: \"von\",  editDialogRepeatOccurrencesString: \"Eintritt (e)\",  editDialogRepeatSaveString: \"Vorkommen Speichern\",  editDialogRepeatSaveSeriesString: \"Save Series\",  editDialogRepeatDeleteString: \"Vorkommen l\u00f6schen\",  editDialogRepeatDeleteSeriesString: \"Series l\u00f6schen\",  editDialogStatuses:  {    free: \"Frei\",    tentative: \"Mit Vorbehalt\",    busy: \"Besch\u00e4ftigt\",    outOfOffice: \"Abwesend\"  } }",
  "loc1": "{\"firstDay\": \"1\"}",
  "localization": "{'/': '/',  ':': ':',  firstDay: 1,  days: {    names: ['Sunday', 'Monday', 'Tuesday', 'Wednesday', 'Thursday', 'Friday', 'Saturday'],    namesAbbr: ['Sun', 'Mon', 'Tue', 'Wed', 'Thu', 'Fri', 'Sat'],    namesShort: ['Su', 'Mo', 'Tu', 'We', 'Th', 'Fr', 'Sa']  },}",
  "onclick": "",
  "onmousedown": "",
  "onmousemove": "",
  "onmouseout": "",
  "onmouseup": "",
  "onresize": "",
  "ontouchend": "",
  "ontouchmove": "",
  "ontouchstart": "",
  "right": "auto",
  "rtl": "false",
  "script": "",
  "showLegend": "true",
  "showToolbar": "true",
  "source": "null",
  "style": "",
  "theme": "ui-smoothness",
  "top": 51,
  "view": "monthView",
  "views": "[\"dayView\",\"weekView\",\"monthView\",\"agendaView\"]",
  "width": 493
}