{
  "!type": "Form",
  "HTML": null,
  "attributes": "",
  "background": "",
  "backgroundimage": "",
  "borderColor": "",
  "borderStyle": "solid",
  "borderWidth": "",
  "borderscss": "{if backgroundColor<>''}background-color:{backgroundColor}; {/if}{if borderWidth.isdigit()}border-width:{borderWidth!p}; {/if}{if borderStyle<>'solid'}border-style:{borderStyle}; {/if}{if borderColor<>''}border-color:{borderColor}; {/if}",
  "cached_js": null,
  "cached_js_script_hash": null,
  "children": [
    {
      "!type": "External",
      "file": [
        "forms",
        "clndrTeeTimes",
        "Elements",
        "schdlrTeeTimes.json"
      ]
    },
    {
      "!type": "External",
      "file": [
        "forms",
        "clndrTeeTimes",
        "Elements",
        "btnTotemp.json"
      ]
    },
    {
      "!type": "External",
      "file": [
        "forms",
        "clndrTeeTimes",
        "Elements",
        "btnBackToHole.json"
      ]
    },
    {
      "!type": "External",
      "file": [
        "forms",
        "clndrTeeTimes",
        "Elements",
        "Label1.json"
      ]
    }
  ],
  "class": "",
  "designHeight": 2000,
  "designWidth": 500,
  "expanded_pmp": null,
  "fullScreen": "true",
  "height": "600",
  "id": "clndrTeeTimes",
  "language": "JavaScript",
  "left": 0,
  "locked": false,
  "modal": "false",
  "onhide": "",
  "onkeypress": "",
  "onresize": "",
  "onshow": "",
  "openMode": "none",
  "parentForm": "",
  "position": "absolute",
  "script": null,
  "scroll_options": "mouseWheel:true,  bounce:true, zoom:false",
  "scrolling": "false",
  "setFocusID": "",
  "style": "",
  "theme": "",
  "top": 0,
  "width": "600"
}