{
  "!type": "Pagination_bs4",
  "backgroundColor": "",
  "borderColor": "",
  "borderStyle": "",
  "borderWidth": "",
  "bottom": "auto",
  "cached_js": "",
  "cached_js_script_hash": "d41d8cd98f00b204e9800998ecf8427e",
  "children": [],
  "class": "",
  "color": "",
  "disabled": "",
  "display": "",
  "expanded_pmp": null,
  "fontFamily": "",
  "fontSize": "",
  "fontStyle": "",
  "fontWeight": "",
  "height": "auto",
  "hidden": "",
  "id": "pgNext",
  "items": "Next",
  "left": 211,
  "mAll": "",
  "mBottom": "",
  "mLeft": "",
  "mRight": "",
  "mTop": "",
  "onclick": "pgNext.onclick()",
  "onmousedown": "",
  "onmousemove": "",
  "onmouseout": "",
  "onmouseup": "",
  "onresize": "",
  "ontouchend": "",
  "ontouchmove": "",
  "ontouchstart": "",
  "pAll": "",
  "pBottom": "",
  "pLeft": "",
  "pRight": "",
  "pTop": "",
  "popBody": "Body",
  "popClose": "hover",
  "popPosition": "",
  "popStyle": "popover",
  "popTitle": "Title",
  "right": "auto",
  "script": "",
  "sizing": " pagination-sm",
  "style": "",
  "top": 409,
  "width": "auto"
}